Link;Titulo;Data da Postagem
https://www.corinthians.com.br/noticias/futebol-masculino-elenco-inicia-preparacao-para-duelo-contra-o-novorizontino;Futebol masculino: elenco inicia preparação para duelo contra o Novorizontino;31.01.2024 18:15
https://www.corinthians.com.br/noticias/futebol-feminino-treino-coletivo-marca-a-quarta-das-brabas;Futebol feminino: treino coletivo marca a quarta das Brabas;31.01.2024 12:59
https://www.corinthians.com.br/noticias/corinthians-informa-sobre-a-ocorrencia-envolvendo-atletadosub-20;Corinthians Informa: Sobre a ocorrência envolvendo atleta&nbsp;do&nbsp;Sub-20;31.01.2024 12:17
https://www.corinthians.com.br/noticias/corinthians-luta-mas-e-superado-em-casa-no-majestoso-pelo-paulistao-2024;Corinthians luta, mas é superado em casa no Majestoso pelo Paulistão 2024;30.01.2024 21:46
https://www.corinthians.com.br/noticias/corinthians-informa-sobre-assinatura-de-contrato-de-lucas-verissimo;Corinthians informa: Sobre assinatura de contrato de Lucas Veríssimo;30.01.2024 17:46
https://www.corinthians.com.br/noticias/futebol-feminino-sob-forte-calor-brabas-realizam-tatico-nesta-terca-feira;Futebol feminino: sob forte calor, Brabas realizam tático nesta terça-feira;30.01.2024 16:52
https://www.corinthians.com.br/noticias/corinthians-enfrentara-cianorte-pr-na-primeira-fase-da-copa-do-brasil-2024;Corinthians enfrentará Cianorte-PR na primeira fase da Copa do Brasil 2024;30.01.2024 15:37
https://www.corinthians.com.br/noticias/corinthians-prepara-homenagem-para-os-70-anos-do-titulo-do-iv-centenario;Corinthians prepara homenagem para os 70 anos do título do IV Centenário;30.01.2024 15:37
https://www.corinthians.com.br/noticias/ingressos-corinthians-x-novorizontino-04-02-paulistao-sicredi-2024;Ingressos: Corinthians x Novorizontino (04/02) – Paulistão Sicredi 2024;30.01.2024 10:55
https://www.corinthians.com.br/noticias/fut-masc-corinthians-fecha-preparacao-para-o-primeiro-majestoso-de-2024;Fut. masc.: Corinthians fecha preparação para o primeiro Majestoso de 2024;29.01.2024 18:57